-- Initial catalog seed data (UTF-8)
-- Generated from database dump; applied by M001 when loadSeedData=true

-- plans (24 rows)
INSERT INTO public.plans (id, calories, period_days, price_per_day, created_at, updated_at)
VALUES (1, 900, 1, 3700, '2026-04-02 15:49:28.793849', '2026-04-02 15:49:28.793849'),
       (2, 900, 14, 3600, '2026-02-23 16:01:21.644951', '2026-04-01 16:27:51.693415'),
       (3, 900, 21, 3500, '2026-04-01 15:56:22.567033', '2026-04-01 16:28:18.40146'),
       (4, 900, 30, 3400, '2026-02-23 15:38:32.682606', '2026-04-01 16:31:37.515309'),
       (5, 1200, 1, 4100, '2026-04-01 13:26:41.577791', '2026-04-01 16:33:48.665855'),
       (6, 1200, 14, 4000, '2026-04-01 16:34:17.808126', '2026-04-01 16:34:17.808126'),
       (7, 1200, 21, 3900, '2026-02-23 16:51:00.926672', '2026-04-01 16:35:58.323392'),
       (8, 1200, 30, 3800, '2026-02-23 16:02:45.050554', '2026-04-01 16:35:43.706591'),
       (9, 1500, 1, 4300, '2026-04-01 16:36:25.876299', '2026-04-01 16:36:25.876299'),
       (10, 1500, 14, 4200, '2026-04-01 16:36:38.887224', '2026-04-01 16:38:02.620458'),
       (11, 1500, 21, 4100, '2026-04-01 16:36:42.647104', '2026-04-01 16:38:05.4644'),
       (12, 1500, 30, 4000, '2026-04-01 16:36:49.898459', '2026-04-01 16:38:10.061154'),
       (13, 1800, 1, 4700, '2026-04-01 16:39:40.319353', '2026-04-01 16:39:40.319353'),
       (14, 1800, 14, 4600, '2026-04-01 16:39:53.190485', '2026-04-01 16:39:53.190485'),
       (15, 1800, 21, 4500, '2026-04-01 16:40:05.97432', '2026-04-01 16:40:05.97432'),
       (16, 1800, 30, 4400, '2026-04-01 16:40:20.372443', '2026-04-01 16:40:20.372443'),
       (17, 2200, 1, 5100, '2026-04-01 16:40:46.87591', '2026-04-01 16:40:46.87591'),
       (18, 2200, 14, 5000, '2026-04-01 16:41:27.456233', '2026-04-01 16:41:27.456233'),
       (19, 2200, 21, 4900, '2026-04-01 16:41:34.437448', '2026-04-01 16:41:34.437448'),
       (20, 2200, 30, 4800, '2026-04-01 16:41:44.362124', '2026-04-01 16:41:44.362124'),
       (21, 2600, 1, 5400, '2026-04-01 16:43:14.768377', '2026-04-01 16:43:14.768377'),
       (22, 2600, 14, 5300, '2026-04-01 16:43:30.663754', '2026-04-01 16:43:30.663754'),
       (23, 2600, 21, 5100, '2026-04-01 16:43:45.814598', '2026-04-01 16:45:32.2718'),
       (24, 2600, 30, 5000, '2026-04-01 16:44:12.771458', '2026-04-01 16:45:23.53951');

-- files (60 rows)
INSERT INTO public.files (id, filename, path, mime_type, size, created_at)
VALUES (32, '8.jpg', '8.jpg', 'image/jpeg', 34509, '2026-04-15 09:21:38.775259'),
       (22, '5-2.jpg', '5-2.jpg', 'image/jpeg', 154555, '2026-04-14 17:58:52.228134'),
       (58, '34.jpg', '34.jpg', 'image/jpeg', 56744, '2026-04-15 16:55:10.54955'),
       (47, '23.jpg', '23.jpg', 'image/jpeg', 308867, '2026-04-15 09:25:11.093039'),
       (45, '21.jpg', '21.jpg', 'image/jpeg', 270342, '2026-04-15 09:24:47.460491'),
       (26, '6.jpg', '6.jpg', 'image/jpeg', 86723, '2026-04-14 18:01:19.262373'),
       (18, '4-3.jpg', '4-3.jpg', 'image/jpeg', 37907, '2026-04-14 17:58:12.738619'),
       (24, '5-4.jpg', '5-4.jpg', 'image/jpeg', 35551, '2026-04-14 17:58:57.468484'),
       (19, '4-4.jpg', '4-4.jpg', 'image/jpeg', 71272, '2026-04-14 17:58:23.272478'),
       (48, '24.jpg', '24.jpg', 'image/jpeg', 96394, '2026-04-15 09:25:21.171873'),
       (25, '5-5.jpg', '5-5.jpg', 'image/jpeg', 113185, '2026-04-14 17:59:00.201803'),
       (41, '17.jpg', '17.jpg', 'image/jpeg', 132835, '2026-04-15 09:23:43.686641'),
       (7, '2-2.jpg', '2-2.jpg', 'image/jpeg', 77929, '2026-04-14 17:56:52.673611'),
       (12, '3-2.jpg', '3-2.jpg', 'image/jpeg', 88500, '2026-04-14 17:57:32.440901'),
       (1, '1.jpg', '1.jpg', 'image/jpeg', 29950, '2026-04-14 17:56:09.762743'),
       (46, '22.jpg', '22.jpg', 'image/jpeg', 136016, '2026-04-15 09:25:01.152868'),
       (34, '10.jpg', '10.jpg', 'image/jpeg', 94218, '2026-04-15 09:22:05.048749'),
       (57, '33.jpg', '33.jpg', 'image/jpeg', 147687, '2026-04-15 16:55:01.558882'),
       (42, '18.jpg', '18.jpg', 'image/jpeg', 57108, '2026-04-15 09:23:54.553521'),
       (50, '26.jpg', '26.jpg', 'image/jpeg', 77148, '2026-04-15 16:53:47.59956'),
       (35, '11.jpg', '11.jpg', 'image/jpeg', 86186, '2026-04-15 09:22:25.601482'),
       (5, '1-5.jpg', '1-5.jpg', 'image/jpeg', 54539, '2026-04-14 17:56:27.849112'),
       (33, '9.jpg', '9.jpg', 'image/jpeg', 44204, '2026-04-15 09:21:53.710359'),
       (36, '12.jpg', '12.jpg', 'image/jpeg', 81620, '2026-04-15 09:22:35.654857'),
       (28, '6-3.jpg', '6-3.jpg', 'image/jpeg', 57254, '2026-04-14 18:01:26.303588'),
       (16, '4.jpg', '4.jpg', 'image/jpeg', 36299, '2026-04-14 17:58:06.860094'),
       (14, '3-4.jpg', '3-4.jpg', 'image/jpeg', 66926, '2026-04-14 17:57:38.950234'),
       (10, '2-5.jpg', '2-5.jpg', 'image/jpeg', 69043, '2026-04-14 17:57:04.464074'),
       (15, '3-5.jpg', '3-5.jpg', 'image/jpeg', 67685, '2026-04-14 17:57:41.766684'),
       (51, '27.jpg', '27.jpg', 'image/jpeg', 30254, '2026-04-15 16:54:02.018103'),
       (49, '25.jpg', '25.jpg', 'image/jpeg', 93466, '2026-04-15 16:53:39.560801'),
       (3, '1-3.jpg', '1-3.jpg', 'image/jpeg', 26811, '2026-04-14 17:56:19.71946'),
       (2, '1-2.jpg', '1-2.jpg', 'image/jpeg', 59536, '2026-04-14 17:56:15.398875'),
       (13, '3-3.jpg', '3-3.jpg', 'image/jpeg', 91404, '2026-04-14 17:57:36.071016'),
       (38, '14.jpg', '14.jpg', 'image/jpeg', 111626, '2026-04-15 09:23:12.696547'),
       (44, '20.jpg', '20.jpg', 'image/jpeg', 90940, '2026-04-15 09:24:37.032896'),
       (17, '4-2.jpg', '4-2.jpg', 'image/jpeg', 36403, '2026-04-14 17:58:09.366646'),
       (37, '13.jpg', '13.jpg', 'image/jpeg', 55809, '2026-04-15 09:23:00.842057'),
       (39, '15.jpg', '15.jpg', 'image/jpeg', 40747, '2026-04-15 09:23:22.795738'),
       (21, '5.jpg', '5.jpg', 'image/jpeg', 120743, '2026-04-14 17:58:49.224712'),
       (52, '28.jpg', '28.jpg', 'image/jpeg', 56129, '2026-04-15 16:54:10.573357'),
       (23, '5-3.jpg', '5-3.jpg', 'image/jpeg', 81673, '2026-04-14 17:58:54.700255'),
       (20, '4-5.jpg', '4-5.jpg', 'image/jpeg', 63147, '2026-04-14 17:58:26.350395'),
       (40, '16.jpg', '16.jpg', 'image/jpeg', 154288, '2026-04-15 09:23:33.022815'),
       (29, '6-4.jpg', '6-4.jpg', 'image/jpeg', 93614, '2026-04-14 18:01:30.937886'),
       (59, '35.jpg', '35.jpg', 'image/jpeg', 128279, '2026-04-15 16:55:20.953143'),
       (60, '36.jpg', '36.jpg', 'image/jpeg', 89600, '2026-04-15 16:55:26.929749'),
       (43, '19.jpg', '19.jpg', 'image/jpeg', 28096, '2026-04-15 09:24:24.175399'),
       (56, '32.jpg', '32.jpg', 'image/jpeg', 52465, '2026-04-15 16:54:51.36259'),
       (53, '29.jpg', '29.jpg', 'image/jpeg', 47574, '2026-04-15 16:54:22.489883'),
       (9, '2-4.jpg', '2-4.jpg', 'image/jpeg', 102929, '2026-04-14 17:57:01.018764'),
       (55, '31.jpg', '31.jpg', 'image/jpeg', 121697, '2026-04-15 16:54:40.053905'),
       (30, '6-5.jpg', '6-5.jpg', 'image/jpeg', 162376, '2026-04-14 18:01:34.153398'),
       (31, '7.jpg', '7.jpg', 'image/jpeg', 79904, '2026-04-15 09:21:18.487839'),
       (8, '2-3.jpg', '2-3.jpg', 'image/jpeg', 104121, '2026-04-14 17:56:56.400536'),
       (27, '6-2.jpg', '6-2.jpg', 'image/jpeg', 83025, '2026-04-14 18:01:23.375721'),
       (6, '2.jpg', '2.jpg', 'image/jpeg', 295793, '2026-04-14 17:56:48.260434'),
       (54, '30.jpg', '30.jpg', 'image/jpeg', 44090, '2026-04-15 16:54:29.828685'),
       (11, '3.jpg', '3.jpg', 'image/jpeg', 81783, '2026-04-14 17:57:28.696453'),
       (4, '1-4.jpg', '1-4.jpg', 'image/jpeg', 45672, '2026-04-14 17:56:24.49451');

-- dishes (102 rows)
INSERT INTO public.dishes (id, archived, created_at, updated_at)
VALUES (38, false, '2026-04-14 09:35:18.704722', '2026-04-14 09:35:18.704722'),
       (39, false, '2026-04-14 09:35:18.704722', '2026-04-14 09:35:18.704722'),
       (40, false, '2026-04-14 09:35:18.704722', '2026-04-14 09:35:18.704722'),
       (41, false, '2026-04-14 09:35:18.704722', '2026-04-14 09:35:18.704722'),
       (42, false, '2026-04-14 09:35:18.704722', '2026-04-14 09:35:18.704722'),
       (43, false, '2026-04-14 09:35:18.704722', '2026-04-14 09:35:18.704722'),
       (44, false, '2026-04-14 09:35:18.704722', '2026-04-14 09:35:18.704722'),
       (45, false, '2026-04-14 09:35:18.704722', '2026-04-14 09:35:18.704722'),
       (46, false, '2026-04-14 09:35:18.704722', '2026-04-14 09:35:18.704722'),
       (47, false, '2026-04-14 09:35:18.704722', '2026-04-14 09:35:18.704722'),
       (48, false, '2026-04-14 09:35:18.704722', '2026-04-14 09:35:18.704722'),
       (49, false, '2026-04-14 09:35:18.704722', '2026-04-14 09:35:18.704722'),
       (50, false, '2026-04-14 09:35:18.704722', '2026-04-14 09:35:18.704722'),
       (51, false, '2026-04-14 09:35:18.704722', '2026-04-14 09:35:18.704722'),
       (52, false, '2026-04-14 09:35:18.704722', '2026-04-14 09:35:18.704722'),
       (53, false, '2026-04-14 09:35:18.704722', '2026-04-14 09:35:18.704722'),
       (54, false, '2026-04-14 09:35:18.704722', '2026-04-14 09:35:18.704722'),
       (55, false, '2026-04-14 09:35:18.704722', '2026-04-14 09:35:18.704722'),
       (56, false, '2026-04-14 09:35:18.704722', '2026-04-14 09:35:18.704722'),
       (57, false, '2026-04-14 09:35:18.704722', '2026-04-14 09:35:18.704722'),
       (58, false, '2026-04-14 09:35:18.704722', '2026-04-14 09:35:18.704722'),
       (59, false, '2026-04-14 09:35:18.704722', '2026-04-14 09:35:18.704722'),
       (60, false, '2026-04-14 09:35:18.704722', '2026-04-14 09:35:18.704722'),
       (61, false, '2026-04-14 09:35:18.704722', '2026-04-14 09:35:18.704722'),
       (62, false, '2026-04-14 09:35:18.704722', '2026-04-14 09:35:18.704722'),
       (63, false, '2026-04-14 09:35:18.704722', '2026-04-14 09:35:18.704722'),
       (64, false, '2026-04-14 09:35:18.704722', '2026-04-14 09:35:18.704722'),
       (65, false, '2026-04-14 09:35:18.704722', '2026-04-14 09:35:18.704722'),
       (66, false, '2026-04-14 09:35:18.704722', '2026-04-14 09:35:18.704722'),
       (67, false, '2026-04-14 09:35:18.704722', '2026-04-14 09:35:18.704722'),
       (68, false, '2026-04-14 09:35:18.704722', '2026-04-14 09:35:18.704722'),
       (69, false, '2026-04-14 09:35:18.704722', '2026-04-14 09:35:18.704722'),
       (70, false, '2026-04-14 09:35:18.704722', '2026-04-14 09:35:18.704722'),
       (71, false, '2026-04-14 09:35:18.704722', '2026-04-14 09:35:18.704722'),
       (72, false, '2026-04-14 09:35:18.704722', '2026-04-14 09:35:18.704722'),
       (73, false, '2026-04-14 09:35:18.704722', '2026-04-14 09:35:18.704722'),
       (74, false, '2026-04-14 09:35:18.704722', '2026-04-14 09:35:18.704722'),
       (75, false, '2026-04-14 09:35:18.704722', '2026-04-14 09:35:18.704722'),
       (76, false, '2026-04-14 09:35:18.704722', '2026-04-14 09:35:18.704722'),
       (77, false, '2026-04-14 09:35:18.704722', '2026-04-14 09:35:18.704722'),
       (78, false, '2026-04-14 09:35:18.704722', '2026-04-14 09:35:18.704722'),
       (79, false, '2026-04-14 09:35:18.704722', '2026-04-14 09:35:18.704722'),
       (80, false, '2026-04-14 09:35:18.704722', '2026-04-14 09:35:18.704722'),
       (81, false, '2026-04-14 09:35:18.704722', '2026-04-14 09:35:18.704722'),
       (82, false, '2026-04-14 09:35:18.704722', '2026-04-14 09:35:18.704722'),
       (83, false, '2026-04-14 09:35:18.704722', '2026-04-14 09:35:18.704722'),
       (84, false, '2026-04-14 09:35:18.704722', '2026-04-14 09:35:18.704722'),
       (85, false, '2026-04-14 09:35:18.704722', '2026-04-14 09:35:18.704722'),
       (86, false, '2026-04-14 09:35:18.704722', '2026-04-14 09:35:18.704722'),
       (87, false, '2026-04-14 09:35:18.704722', '2026-04-14 09:35:18.704722'),
       (88, false, '2026-04-14 09:35:18.704722', '2026-04-14 09:35:18.704722'),
       (89, false, '2026-04-14 09:35:18.704722', '2026-04-14 09:35:18.704722'),
       (90, false, '2026-04-14 09:35:18.704722', '2026-04-14 09:35:18.704722'),
       (91, false, '2026-04-14 09:35:18.704722', '2026-04-14 09:35:18.704722'),
       (92, false, '2026-04-14 09:35:18.704722', '2026-04-14 09:35:18.704722'),
       (93, false, '2026-04-14 09:35:18.704722', '2026-04-14 09:35:18.704722'),
       (94, false, '2026-04-14 09:35:18.704722', '2026-04-14 09:35:18.704722'),
       (95, false, '2026-04-14 09:35:18.704722', '2026-04-14 09:35:18.704722'),
       (96, false, '2026-04-14 09:35:18.704722', '2026-04-14 09:35:18.704722'),
       (97, false, '2026-04-14 09:35:18.704722', '2026-04-14 09:35:18.704722'),
       (98, false, '2026-04-14 09:35:18.704722', '2026-04-14 09:35:18.704722'),
       (99, false, '2026-04-14 09:35:18.704722', '2026-04-14 09:35:18.704722'),
       (100, false, '2026-04-14 09:35:18.704722', '2026-04-14 09:35:18.704722'),
       (101, false, '2026-04-14 09:35:18.704722', '2026-04-14 09:35:18.704722'),
       (102, false, '2026-04-14 09:35:18.704722', '2026-04-14 09:35:18.704722'),
       (1, false, '2026-04-14 09:35:18.704722', '2026-04-14 17:56:29.389809'),
       (2, false, '2026-04-14 09:35:18.704722', '2026-04-14 17:57:05.716435'),
       (3, false, '2026-04-14 09:35:18.704722', '2026-04-14 17:57:48.303204'),
       (4, false, '2026-04-14 09:35:18.704722', '2026-04-14 17:58:28.182022'),
       (5, false, '2026-04-14 09:35:18.704722', '2026-04-14 17:59:05.926479'),
       (6, false, '2026-04-14 09:35:18.704722', '2026-04-14 18:01:36.263829'),
       (7, false, '2026-04-14 09:35:18.704722', '2026-04-15 09:21:20.203675'),
       (8, false, '2026-04-14 09:35:18.704722', '2026-04-15 09:21:40.4337'),
       (9, false, '2026-04-14 09:35:18.704722', '2026-04-15 09:21:54.788957'),
       (10, false, '2026-04-14 09:35:18.704722', '2026-04-15 09:22:06.189245'),
       (11, false, '2026-04-14 09:35:18.704722', '2026-04-15 09:22:26.863741'),
       (12, false, '2026-04-14 09:35:18.704722', '2026-04-15 09:22:36.69401'),
       (13, false, '2026-04-14 09:35:18.704722', '2026-04-15 09:23:01.834987'),
       (14, false, '2026-04-14 09:35:18.704722', '2026-04-15 09:23:13.751878'),
       (15, false, '2026-04-14 09:35:18.704722', '2026-04-15 09:23:23.703759'),
       (16, false, '2026-04-14 09:35:18.704722', '2026-04-15 09:23:33.900091'),
       (17, false, '2026-04-14 09:35:18.704722', '2026-04-15 09:23:44.431541'),
       (18, false, '2026-04-14 09:35:18.704722', '2026-04-15 09:23:55.654916'),
       (19, false, '2026-04-14 09:35:18.704722', '2026-04-15 09:24:25.354298'),
       (20, false, '2026-04-14 09:35:18.704722', '2026-04-15 09:24:37.989272'),
       (21, false, '2026-04-14 09:35:18.704722', '2026-04-15 09:24:48.179638'),
       (22, false, '2026-04-14 09:35:18.704722', '2026-04-15 09:25:02.038091'),
       (23, false, '2026-04-14 09:35:18.704722', '2026-04-15 09:25:11.94395'),
       (24, false, '2026-04-14 09:35:18.704722', '2026-04-15 09:25:22.308132'),
       (25, false, '2026-04-14 09:35:18.704722', '2026-04-15 16:53:40.459885'),
       (26, false, '2026-04-14 09:35:18.704722', '2026-04-15 16:53:48.365411'),
       (27, false, '2026-04-14 09:35:18.704722', '2026-04-15 16:54:02.859498'),
       (28, false, '2026-04-14 09:35:18.704722', '2026-04-15 16:54:12.08028'),
       (29, false, '2026-04-14 09:35:18.704722', '2026-04-15 16:54:23.348349'),
       (30, false, '2026-04-14 09:35:18.704722', '2026-04-15 16:54:30.520939'),
       (31, false, '2026-04-14 09:35:18.704722', '2026-04-15 16:54:41.059932'),
       (32, false, '2026-04-14 09:35:18.704722', '2026-04-15 16:54:52.545086'),
       (33, false, '2026-04-14 09:35:18.704722', '2026-04-15 16:55:02.568716'),
       (34, false, '2026-04-14 09:35:18.704722', '2026-04-15 16:55:11.179823'),
       (35, false, '2026-04-14 09:35:18.704722', '2026-04-15 16:55:21.692337'),
       (36, false, '2026-04-14 09:35:18.704722', '2026-04-15 16:55:27.738832'),
       (37, false, '2026-04-14 09:35:18.704722', '2026-04-23 10:59:23.577637');

-- dish_translations (306 rows)
INSERT INTO public.dish_translations (dish_id, language, name, description)
VALUES (1, 'EN', 'Pancakes with cottage cheese',
        'Thin homemade pancakes stuffed with sweet cottage cheese, served with a side of sour cream.'),
       (1, 'RU', 'Блинчики с творогом',
        'Тонкие домашние блинчики с начинкой из нежного подслащенного творога, подаются со сметаной.'),
       (1, 'KK', 'Творог қосылған блинчиктер',
        'Тәттіленген сүзбемен толтырылған жұқа үй блинчиктері, қаймақпен бірге ұсынылады.'),
       (2, 'EN', 'Oatmeal cookies with seeds and chocolate',
        'Crispy and healthy oatmeal cookies enriched with sunflower seeds and dark chocolate bits.'),
       (2, 'RU', 'Овсяное печенье с семечками и шоколадом',
        'Хрустящее и полезное овсяное печенье с добавлением семян подсолнечника и кусочков темного шоколада.'),
       (2, 'KK', 'Күнбағыс дәндері мен шоколад тамшылары қосылған сұлы печеньесі',
        'Күнбағыс дәндері мен қара шоколад кесектері қосылған қытырлақ және пайдалы сұлы печеньесі.'),
       (3, 'EN', 'Salmon casserole',
        'Hearty baked dish with layers of salmon fillet and vegetables in a light creamy base.'),
       (3, 'RU', 'Запеканка из семги', 'Сытное запеченное блюдо из филе семги с овощами в нежной сливочной заливке.'),
       (3, 'KK', 'Албырттан дайындалған запеканка',
        'Нәзік кілегейлі соуспен пісірілген албырт филесі мен көкөністерден жасалған тойымды тағам.'),
       (4, 'EN', 'Hibiscus iced tea',
        'Refreshing chilled herbal tea made from hibiscus petals with a tart and sweet flavor.'),
       (4, 'RU', 'Чай айс-ти каркаде',
        'Освежающий охлажденный травяной чай из лепестков гибискуса с приятной кислинкой.'),
       (4, 'KK', 'Айс-ти шайы каркаде',
        'Гибискус жапырақтарынан жасалған жағымды қышқылы бар сергітетін салқындатылған шөп шайы.'),
       (5, 'EN', 'Chicken liver salad with vegetables',
        'Light warm salad featuring sautéed chicken liver and a mix of fresh seasonal vegetables.'),
       (5, 'RU', 'Салат из печени цыпленка с овощами',
        'Легкий теплый салат с обжаренной печенью цыпленка и миксом свежих сезонных овощей.'),
       (5, 'KK', 'Көкөністермен тауық бауыры салаты',
        'Қуырылған балапан бауыры мен жаңа піскен маусымдық көкөністер қосылған жеңіл жылы салат.'),
       (6, 'EN', 'Skewers with Hawaiian mix',
        'Grilled chicken skewers served with a colorful side of rice, corn, and peas.'),
       (6, 'RU', 'Шашлычки с гавайской смесью',
        'Мини-шашлычки из курицы, подаются с гарниром из риса, кукурузы и зеленого горошка.'),
       (6, 'KK', 'Шашлықтар гавай қоспасымен',
        'Тауық етінен жасалған кішігірім шашлықтар, күріш, жүгері және жасыл бұршақ гарнирімен ұсынылады.'),
       (7, 'EN', 'Classic omelet with vegetables',
        'Fluffy eggs whisked and cooked with a colorful medley of sautéed bell peppers and onions.'),
       (7, 'RU', 'Классический омлет с овощами',
        'Пышный омлет из яиц с добавлением обжаренного болгарского перца, лука и зелени.'),
       (7, 'KK', 'Көкөністер қосылған классикалық омлет',
        'Қуырылған болгар бұрышы, пияз және көк шөп қосылған үлпілдек жұмыртқа омлеті.'),
       (8, 'EN', 'Marble cheesecake', 'A creamy cheesecake with beautiful swirls of dark chocolate and vanilla.'),
       (8, 'RU', 'Мраморный чизкейк', 'Нежный творожный десерт с эффектными разводами темного шоколада и ванили.'),
       (8, 'KK', 'Мәрмәр чизкейк', 'Қара шоколад пен ванильдің әдемі іздері бар нәзік сүзбе десерті.'),
       (9, 'EN', 'Homemade noodle soup',
        'Clear golden chicken broth served with tender handmade noodles and vegetables.'),
       (9, 'RU', 'Суп лапша по-домашнему',
        'Прозрачный золотистый куриный бульон с домашней лапшой ручной лепки и овощами.'),
       (9, 'KK', 'Үй кеспе сорпасы', 'Үйде жайылған кеспе мен көкөністер қосылған мөлдір алтын түсті тауық сорпасы.'),
       (10, 'EN', 'Chicken in honey sauce with barley',
        'Juicy chicken thigh glazed in a sweet-savory honey sauce paired with nutritious pearl barley.'),
       (10, 'RU', 'Филе бедра под медовым соусом с перловкой',
        'Сочное куриное бедро в глазури из медового соуса в сочетании с рассыпчатой перловкой.'),
       (10, 'KK', 'Бал соусы қосылған жамбас филесі мен арпа',
        'Тәтті-дәмді бал соусымен жылтыратылған тауық жамбасының филесі және пайдалы арпа ботқасы.'),
       (11, 'EN', 'Asparagus salad', 'A light and crisp salad with blanched asparagus spears and a lemon vinaigrette.'),
       (11, 'RU', 'Салат из спаржи',
        'Легкий и хрустящий салат из бланшированной спаржи с заправкой на основе лимонного сока.'),
       (11, 'KK', 'Бұршаққұлақ салаты',
        'Лимон шырыны негізіндегі тұздықпен дайындалған бланширленген бұршаққұлақтан жасалған жеңіл салат.'),
       (12, 'EN', 'Pollock with tartar sauce and vegetables',
        'Baked white fish served with a creamy herb tartar sauce and steamed vegetables.'),
       (12, 'RU', 'Филе минтая под соусом тартар с овощами',
        'Запеченная белая рыба, которая подается с пикантным соусом тартар и тушеными овощами.'),
       (12, 'KK', 'Тартар соусымен берілген минтай филесі және көкөністер',
        'Пикантты тартар соусы және бұқтырылған көкөністермен ұсынылатын пісірілген ақ балық.'),
       (13, 'EN', 'Oatmeal with cheese and walnuts',
        'Creamy oatmeal topped with melted cheese and crunchy walnut pieces for a savory twist.'),
       (13, 'RU', 'Овсяная каша с сыром и грецким орехом',
        'Сливочная овсянка, дополненная расплавленным сыром и хрустящими кусочками грецкого ореха.'),
       (13, 'KK', 'Сұлы ботқасы ірімшік пен жаңғақпен',
        'Балқытылған ірімшік пен қытырлақ грек жаңғағы кесектерімен толықтырылған кілегейлі сұлы ботқасы.'),
       (14, 'EN', 'Raisin cake', 'Sweet sponge cake packed with plump golden raisins and dusted with sugar.'),
       (14, 'RU', 'Кекс с изюмом', 'Сладкий бисквитный кекс с добавлением большого количества отборного изюма.'),
       (14, 'KK', 'Мейіз қосылған кекс', 'Таңдаулы мейіз көптеп қосылған тәтті бисквитті кекс.'),
       (15, 'EN', 'Beef Stroganoff with rice',
        'Tender strips of beef in a mushroom cream sauce served over fluffy white rice.'),
       (15, 'RU', 'Бефстроганов с рисом',
        'Тонкие ломтики говядины в нежном грибном соусе со сливками, подаются с рассыпчатым рисом.'),
       (15, 'KK', 'Бефстроганов күрішпен',
        'Кілегейлі саңырауқұлақ соусындағы сиыр етінің жұқа тілімдері, үлпілдек күрішпен ұсынылады.'),
       (16, 'EN', 'Cabbage salad', 'Fresh shredded cabbage and carrots dressed with oil and vinegar.'),
       (16, 'RU', 'Салат из капусты', 'Классический витаминный салат из свежей нашинкованной капусты и моркови.'),
       (16, 'KK', 'Қырыққабат пен салаты',
        'Жаңа туралған қырыққабат пен сәбізден жасалған классикалық дәруменді салат.'),
       (17, 'EN', 'Greens pie with sesame',
        'Savory pastry filled with fresh herbs and spinach, topped with toasted sesame seeds.'),
       (17, 'RU', 'Пирог с зеленью с кунжутом',
        'Ароматная выпечка с начинкой из свежей зелени и шпината, посыпанная обжаренным кунжутом.'),
       (17, 'KK', 'Семіздік пен күнбағыс тұқымымен пирог',
        'Жаңа піскен көк шөптер мен шпинат салынған, қуырылған күнжіт себілген хош иісті бәліш.'),
       (18, 'EN', 'Chicken patties',
        'Steamed or lightly pan-fried tender chicken mince patties flavored with mild spices.'),
       (18, 'RU', 'Куриные биточки', 'Нежные круглые котлетки из куриного фарша, приготовленные с добавлением специй.'),
       (18, 'KK', 'Тауық етінен биточкалар',
        'Тауық фаршынан жасалған, дәмдеуіштер қосылып дайындалған нәзік дөңгелек котлеттер.'),
       (19, 'EN', 'Salmon tartar toast',
        'Crispy bread topped with fresh salmon tartar and a side of fresh cucumber and radish.'),
       (19, 'RU', 'Тост с тартаром из лосося',
        'Хрустящий тост с мелко нарезанным свежим лососем, дополненный огурцом и редисом.'),
       (19, 'KK', 'Лосось тартарымен тост',
        'Қияр мен редис қосылған, жаңа піскен лосось тартары салынған қытырлақ тост.'),
       (20, 'EN', 'Syrniki with jam', 'Traditional pan-fried cottage cheese pancakes served with sweet berry jam.'),
       (20, 'RU', 'Сырники с джемом', 'Золотистые творожные оладьи, подаются с густым ягодным или фруктовым джемом.'),
       (20, 'KK', 'Тосаппен берілген сырниктер',
        'Алтын түсті сүзбе құймақтары, қою жидек немесе жеміс тосабымен ұсынылады.'),
       (21, 'EN', 'Pumpkin soup-puree',
        'Creamy smooth soup made from roasted pumpkin with a touch of cream and spices.'),
       (21, 'RU', 'Тыквенный суп-пюре', 'Нежный кремовый суп из запеченной тыквы со сливками и пряными травами.'),
       (21, 'KK', 'Асқабақтан жасалған пюре-сорпа',
        'Кілегей мен хош иісті шөптер қосылған пісірілген асқабақтан жасалған нәзік крем-сорпа.'),
       (22, 'EN', 'Pasta Bolognese', 'Italian pasta served with a rich, slow-cooked meat and tomato sauce.'),
       (22, 'RU', 'Паста под соусом болоньез',
        'Классическая итальянская паста с густым мясным соусом из говядины и томатов.'),
       (22, 'KK', 'Болоньез соусындағы паста',
        'Сиыр еті мен қызанақтан жасалған қою ет соусы қосылған классикалық итальяндық паста.'),
       (23, 'EN', 'Venice Salad', 'An elegant mix of fresh greens, olives, and cherry tomatoes with a light dressing.'),
       (23, 'RU', 'Салат Венеция', 'Изысканный микс салата с оливками, черри и специальной заправкой.'),
       (23, 'KK', 'Венеция Салаты', 'Зәйтүн, черри және арнайы тұздық қосылған талғампаз салат миксі.'),
       (24, 'EN', 'Turkey with green buckwheat',
        'Roasted turkey pieces served with healthy green buckwheat and a savory gravy.'),
       (24, 'RU', 'Индейка с зеленой гречкой',
        'Кусочки запеченной индейки с гарниром из пророщенной зеленой гречки и мясным соусом.'),
       (24, 'KK', 'Жасыл қарақұмықпен күркетауық еті',
        'Көктей бастаған жасыл қарақұмық гарнирі және ет соусы қосылған пісірілген күркетауық кесектері.'),
       (25, 'EN', 'Millet porridge with pumpkin',
        'Warm millet porridge cooked with sweet pumpkin chunks and a hint of butter.'),
       (25, 'RU', 'Пшённая каша с тыквой', 'Традиционная молочная пшенная каша с кусочками сладкой запеченной тыквы.'),
       (25, 'KK', 'Асқабақ қосылған тары ботқасы',
        'Тәтті пісірілген асқабақ кесектері қосылған дәстүрлі сүтті тары ботқасы.'),
       (26, 'EN', 'Nutty Amber dessert', 'A translucent honey or jelly-based dessert packed with varied roasted nuts.'),
       (26, 'RU', 'Десерт Ореховый янтарь',
        'Янтарно-прозрачный десерт на основе меда или сиропа с обилием цельных орехов.'),
       (26, 'KK', 'Жаңғақты кәріптас десерті',
        'Тұтас жаңғақтар көптеп қосылған бал немесе шәрбат негізіндегі мөлдір кәріптас түсті десерт.'),
       (27, 'EN', 'Chicken with pea puree', 'Braised chicken thigh served with smooth and savory mashed green peas.'),
       (27, 'RU', 'Куриное бедро с гороховым пюре',
        'Томленое куриное бедро, дополненное нежным пюре из колотого гороха.'),
       (27, 'KK', 'Тауықтың сан еті горох пюресімен',
        'Езілген бұршақтан жасалған нәзік пюремен толықтырылған бұқтырылған тауық сан еті.'),
       (28, 'EN', 'Lemon iced tea', 'Chilled black tea with fresh lemon slices and a touch of sweetness.'),
       (28, 'RU', 'Чай айс ти лимонный', 'Классический черный чай со льдом, долькой лимона и легкой сладостью.'),
       (28, 'KK', 'Айс ти лимонды шай', 'Лимон тілімі мен жеңіл тәттілігі бар мұздай классикалық қара шай.'),
       (29, 'EN', 'Vinaigrette salad', 'Traditional Russian salad with beets, potatoes, pickles, and carrots.'),
       (29, 'RU', 'Салат винегрет',
        'Классический овощной салат из отварной свеклы, картофеля, моркови и соленых огурцов.'),
       (29, 'KK', 'Салат винегрет',
        'Пісірілген қызылша, картоп, сәбіз және тұздалған қиярдан жасалған классикалық көкөніс салаты.'),
       (30, 'EN', 'Lula kebab with vegetables',
        'Grilled minced meat kebabs served with a tangy tomato sauce and fresh veggies.'),
       (30, 'RU', 'Люля-кебаб с овощами',
        'Обжаренный на гриле фарш из говядины со специями, подается с томатным соусом.'),
       (30, 'KK', 'Люля-кебаб көкөністермен',
        'Дәмдеуіштер қосылып грильде қуырылған сиыр етінің фаршы, қызанақ соусымен ұсынылады.'),
       (31, 'EN', 'Grechotto with mushrooms and chicken',
        'A creamy buckwheat dish (like risotto) with sautéed mushrooms, chicken, and a soft egg.'),
       (31, 'RU', 'Гречотто с грибами и курицей',
        'Блюдо из гречки в стиле ризотто с обжаренными грибами, кусочками птицы и яйцом.'),
       (31, 'KK', 'Саңырауқұлақ пен тауық етімен гречотто',
        'Қуырылған саңырауқұлақтар, құс етінің кесектері және жұмыртқа қосылған ризотто стиліндегі қарақұмық тағамы.'),
       (32, 'EN', 'Banana cheesecake', 'A light and aromatic cheesecake with fresh banana puree and a crunchy crust.'),
       (32, 'RU', 'Банановый чизкейк',
        'Легкий десерт на основе сливочного сыра с добавлением натурального бананового пюре.'),
       (32, 'KK', 'Бананды чизкейк', 'Табиғи банан пюресі қосылған кілегейлі ірімшік негізіндегі жеңіл десерт.'),
       (33, 'EN', 'Solyanka soup', 'Hearty meat soup with pickles, olives, lemon, and several types of smoked meats.'),
       (33, 'RU', 'Суп солянка', 'Сытный мясной суп с солеными огурцами, оливками, лимоном и набором копченостей.'),
       (33, 'KK', 'Солянка сорпасы',
        'Тұздалған қияр, зәйтүн, лимон және ысталған ет түрлері қосылған тойымды ет сорпасы.'),
       (34, 'EN', 'French style meat',
        'Baked beef or pork topped with onions, tomatoes, cheese, and a light layer of sauce.'),
       (34, 'RU', 'Мясо по-французски', 'Запеченные под сырной корочкой ломтики мяса с помидорами, луком и соусом.'),
       (34, 'KK', 'Французша дайындалған ет', 'Қызанақ, пияз және соуспен ірімшік астында пісірілген ет тілімдері.'),
       (35, 'EN', 'Funchoza salad',
        'Asian glass noodle salad with thinly sliced vegetables and a soy-ginger dressing.'),
       (35, 'RU', 'Салат фунчоза',
        'Азиатский салат из стеклянной лапши с тонко нарезанными овощами и пряной заправкой.'),
       (35, 'KK', 'Салат фунчоза',
        'Жіңішке туралған көкөністер мен хош иісті тұздық қосылған шыны кеспеден жасалған азиялық салат.'),
       (36, 'EN', 'Tilapia with vegetables', 'Oven-baked tilapia served with a side of steamed broccoli and carrots.'),
       (36, 'RU', 'Филе тилапии с овощами', 'Диетическое филе белой рыбы, приготовленное в духовке с миксом овощей.'),
       (36, 'KK', 'Тилапия көкөністермен', 'Көкөністер миксімен бірге пеште дайындалған ақ балықтың диеталық филесі.'),
       (37, 'EN', 'Corn porridge with banana',
        'Sweet corn porridge with fresh banana slices and colorful candied fruits.'),
       (37, 'RU', 'Кукурузная каша с бананом',
        'Сладкая кукурузная каша с кусочками свежего банана и разноцветными цукатами.'),
       (37, 'KK', 'Банан қосылған жүгері ботқасы',
        'Жаңа піскен банан тілімдері мен түрлі-түсті цукаттар қосылған тәтті жүгері ботқасы.'),
       (38, 'EN', 'Apple pie', 'Traditional baked pie with a tender crust and spiced apple filling.'),
       (38, 'RU', 'Яблочный пирог',
        'Классический домашний пирог с нежным тестом и начинкой из сочных яблок с корицей.'),
       (38, 'KK', 'Алмалы бәліш',
        'Жұмсақ қамырдан және дәмдеуіштер қосылған шырынды алмадан жасалған классикалық үй бәліші.'),
       (39, 'EN', 'Turkey curry with rice',
        'Turkey breast in a mild garlic curry sauce served with steamed white rice.'),
       (39, 'RU', 'Индейка карри с рисом',
        'Филе индейки в ароматном соусе карри с чесноком, подается с рассыпчатым рисом.'),
       (39, 'KK', 'Күркетауық карри күрішпен',
        'Сарымсақ қосылған хош иісті карри соусындағы күркетауық филесі, үлпілдек күрішпен ұсынылады.'),
       (40, 'EN', 'Vitamin balance salad', 'Crunchy vegetable mix rich in vitamins with a light oil dressing.'),
       (40, 'RU', 'Салат Витаминный баланс', 'Микс свежих овощей, богатых витаминами, с легкой масляной заправкой.'),
       (40, 'KK', 'Витаминдік баланс салаты', 'Дәрумендерге бай жаңа піскен көкөністер миксі, жеңіл май тұздығымен.'),
       (41, 'EN', 'Caesar salad', 'Fresh romaine lettuce, grilled chicken, parmesan, and Caesar dressing.'),
       (41, 'RU', 'Салат Цезарь', 'Листья салата с обжаренной курицей, пармезаном, сухариками и классическим соусом.'),
       (41, 'KK', 'Цезарь салаты',
        'Қуырылған тауық еті, пармезан, кептірілген нан және классикалық соус қосылған салат жапырақтары.'),
       (42, 'EN', 'Pancakes with meat', 'Savory golden pancakes filled with seasoned ground meat and onions.'),
       (42, 'RU', 'Блинчики с мясом', 'Сытные золотистые блины с начинкой из обжаренного мясного фарша с луком.'),
       (42, 'KK', 'Ет қосылған құймақ', 'Пиязбен қуырылған ет фаршы салынған тойымды алтын түсті құймақтар.'),
       (43, 'EN', 'Cottage cheese and cereal mix',
        'Wholesome mix of fresh cottage cheese, cereals, dried fruits, and nuts.'),
       (43, 'RU', 'Творожно-злаковый микс',
        'Полезное сочетание творога, злаков, сухофруктов и орехов для энергичного утра.'),
       (43, 'KK', 'Сүзбе-дәнді дақылдар миксі',
        'Энергия беретін таңғы ас үшін сүзбе, дәнді дақылдар, кептірілген жемістер мен жаңғақтардың пайдалы үйлесімі.'),
       (44, 'EN', 'Orange sponge cake', 'Light and airy sponge cake flavored with natural orange zest.'),
       (44, 'RU', 'Апельсиновый бисквит', 'Воздушный и нежный бисквит с добавлением натуральной апельсиновой цедры.'),
       (44, 'KK', 'Апельсин бисквиті', 'Табиғи апельсин қабығы қосылған жеңіл және нәзік бисквит.'),
       (45, 'EN', 'Pasta Alfredo with chicken',
        'Fettuccine pasta in a rich creamy Alfredo sauce with tender chicken pieces.'),
       (45, 'RU', 'Паста Альфредо с курицей',
        'Классическая паста в нежном сливочном соусе Альфредо с кусочками куриного филе.'),
       (45, 'KK', 'Тауық етімен Альфредо пастасы',
        'Тауық филесінің кесектері қосылған нәзік кілегейлі Альфредо соусындағы классикалық паста.'),
       (46, 'EN', 'Mushroom soup', 'Creamy or broth-based soup made with forest mushrooms and fresh herbs.'),
       (46, 'RU', 'Суп грибной', 'Ароматный суп на основе лесных грибов с добавлением картофеля и свежей зелени.'),
       (46, 'KK', 'Саңырауқұлақ сорпасы',
        'Картоп пен жаңа піскен көк шөптер қосылған орман саңырауқұлақтарынан жасалған хош иісті сорпа.'),
       (47, 'EN', 'Snow crab salad', 'Light salad with crab sticks, corn, eggs, and a mild dressing.'),
       (47, 'RU', 'Салат снежный краб', 'Легкий салат с крабовыми палочками, кукурузой, яйцом и нежной заправкой.'),
       (47, 'KK', 'Қарлы краб салаты', 'Краб таяқшалары, жүгері, жұмыртқа және нәзік тұздық қосылған жеңіл салат.'),
       (48, 'EN', 'Lazy cabbage rolls', 'Ground meat baked with shredded cabbage and rice in a tomato-cream sauce.'),
       (48, 'RU', 'Ленивые голубцы', 'Блюдо из мясного фарша, капусты и риса, запеченное в томатно-сметанном соусе.'),
       (48, 'KK', 'Жалқау голубцы',
        'Қызанақ-қаймақ соусында пісірілген ет фаршы, қырыққабат және күріштен жасалған тағам.'),
       (49, 'EN', 'Scrambled eggs with zucchini',
        'Fluffy scrambled eggs cooked with fresh zucchini, arugula, and veggies.'),
       (49, 'RU', 'Скрембл с кабачком и овощами',
        'Нежный омлет-болтунья с добавлением цукини, свежей рукколы и сезонных овощей.'),
       (49, 'KK', 'Кәді мен көкөністер қосылған скрембл',
        'Цукини, жаңа піскен руккола және маусымдық көкөністер қосылған нәзік жұмыртқа-скрембл.'),
       (50, 'EN', 'Lemon pie', 'Tangy and sweet pie with a buttery crust and fresh lemon zest filling.'),
       (50, 'RU', 'Лимонный пирог', 'Освежающий пирог с цитрусовым ароматом и приятной кислинкой лимона.'),
       (50, 'KK', 'Лимон бәліші', 'Цитрус хош иісі мен лимонның жағымды қышқылы бар сергітетін бәліш.'),
       (51, 'EN', 'Spicy beef with bulgur',
        'Beef strips sautéed with spices and spinach, served over fluffy bulgur wheat.'),
       (51, 'RU', 'Пряная говядина с булгуром',
        'Кусочки говядины в пряностях со шпинатом, подаются с гарниром из булгура.'),
       (51, 'KK', 'Дәмдеуішті сиыр еті булгурмен',
        'Шпинат және дәмдеуіштермен пісірілген сиыр еті кесектері, булгур гарнирімен ұсынылады.'),
       (52, 'EN', 'Hibiscus iced tea', 'Refreshing cold infusion of hibiscus flowers, served chilled.'),
       (52, 'RU', 'Айс ти каркаде', 'Освежающий холодный напиток из цветов гибискуса с ярким вкусом.'),
       (52, 'KK', 'Айс ти каркаде', 'Ашық дәмі бар гибискус гүлдерінен жасалған сергітетін салқын сусын.'),
       (53, 'EN', 'Greek salad', 'Cucumber, tomato, bell pepper, olives, and feta cheese with olive oil.'),
       (53, 'RU', 'Греческий салат', 'Классический салат со свежими овощами, оливками и сыром фета.'),
       (53, 'KK', 'Грек салаты', 'Жаңа піскен көкөністер, зәйтүн және фета ірімшігі қосылған классикалық салат.'),
       (54, 'EN', 'Chicken nests with buckwheat',
        'Ground chicken shaped like nests with a savory filling, served with buckwheat.'),
       (54, 'RU', 'Гнезда из курочки с гречкой',
        'Оригинальные котлетки из курицы в форме гнезд, подаются с рассыпчатой гречкой.'),
       (54, 'KK', 'Тауық етінен гнездалар қарақұмықпен',
        'Гнезда пішінді тауық етінен жасалған ерекше котлеттер, үлпілдек қарақұмықпен ұсынылады.'),
       (55, 'EN', 'Rice porridge with coconut milk',
        'Creamy rice porridge cooked with exotic coconut milk for a tropical flavor.'),
       (55, 'RU', 'Рисовая каша с кокосовым молоком',
        'Нежная рисовая каша на кокосовом молоке с легким тропическим ароматом.'),
       (55, 'KK', 'Кокос сүтімен күріш ботқасы', 'Тропиктік хош иісі бар кокос сүтіне пісірілген нәзік күріш ботқасы.'),
       (56, 'EN', 'Pancho dessert', 'Layers of chocolate and vanilla sponge cake with sour cream and fruit.'),
       (56, 'RU', 'Десерт Панчо', 'Популярный торт из кусочков бисквита, пропитанных сметанным кремом, с фруктами.'),
       (56, 'KK', 'Панчо десерті', 'Қаймақ креміне малынған бисквит кесектері мен жемістерден жасалған танымал торт.'),
       (57, 'EN', 'Lentil soup', 'Nutritious and thick soup made with red or green lentils and spices.'),
       (57, 'RU', 'Чечевичный суп', 'Сытный и полезный суп на основе красной чечевицы с восточными специями.'),
       (57, 'KK', 'Жасымық сорпасы',
        'Шығыс дәмдеуіштері қосылған қызыл жасымық негізіндегі тойымды әрі пайдалы сорпа.'),
       (58, 'EN', 'Chicken curry', 'Tender chicken pieces simmered in a rich and aromatic curry sauce.'),
       (58, 'RU', 'Курочка карри', 'Сочные кусочки курицы в густом ароматном соусе карри с пряностями.'),
       (58, 'KK', 'Карри тауық еті', 'Дәмдеуіштер қосылған қою хош иісті карри соусындағы шырынды тауық кесектері.'),
       (59, 'EN', 'Veal and cucumber salad', 'Lean veal strips mixed with fresh cucumbers and a light dressing.'),
       (59, 'RU', 'Салат из огурцов с телятиной',
        'Белковый салат с нежной телятиной, хрустящими огурцами и соевой заправкой.'),
       (59, 'KK', 'Бұзау еті мен қияр салаты',
        'Нәзік бұзау еті, қытырлақ қияр және соя тұздығы қосылған ақуызды салат.'),
       (60, 'EN', 'Turkey under a coat', 'Baked turkey fillet topped with vegetables and a layer of melted cheese.'),
       (60, 'RU', 'Индейка под шубой', 'Запеченное филе индейки с овощной «шапкой» под золотистой корочкой сыра.'),
       (60, 'KK', 'Шуба астындағы күркетауық еті',
        'Алтын түсті ірімшік қабығының астындағы көкөніс «бөркі» бар пісірілген күркетауық филесі.'),
       (61, 'EN', 'Egg and mushroom cheese toast',
        'Toast with a fried egg and creamy melted cheese with mushroom flavor.'),
       (61, 'RU', 'Яйцо на тосте с грибным сыром',
        'Хрустящий тост с жареным яйцом и нежным плавленым сыром с ароматом грибов.'),
       (61, 'KK', 'Саңырауқұлақ ірімшігімен тосттағы жұмыртқа',
        'Қуырылған жұмыртқа және саңырауқұлақ хош иісі бар нәзік балқытылған ірімшік қосылған қытырлақ тост.'),
       (62, 'EN', 'Cottage cheese vatrushka', 'Soft sweet pastry bun with a generous cottage cheese center.'),
       (62, 'RU', 'Творожная ватрушка', 'Классическая румяная ватрушка с начинкой из сладкого домашнего творога.'),
       (62, 'KK', 'Сүзбе ватрушкасы', 'Тәтті үй сүзбесі толтырылған классикалық қызарған ватрушка.'),
       (63, 'EN', 'Hunter’s style fish soup',
        'Hearty fish soup with varied fish types and vegetables, prepared rustic style.'),
       (63, 'RU', 'Суп Уха по-охотничьи',
        'Наваристый рыбный суп с овощами и свежей зеленью, приготовленный по-домашнему.'),
       (63, 'KK', 'Аңшылық стильдегі балық сорпасы',
        'Үй жағдайында дайындалған көкөністер мен жаңа піскен көк шөптері бар құнарлы балық сорпасы.'),
       (64, 'EN', 'Salmon pasta in cream sauce', 'Pasta tossed with salmon chunks in a velvety white cream sauce.'),
       (64, 'RU', 'Паста из семги под сливочным соусом',
        'Итальянская паста с ломтиками семги в густом сливочном соусе.'),
       (64, 'KK', 'Кілегейлі соустағы албырт пастасы',
        'Қою кілегейлі соустағы албырт тілімдері қосылған итальяндық паста.'),
       (65, 'EN', 'Orange and feta salad', 'Refreshing mix of sweet oranges and salty feta cheese on a bed of greens.'),
       (65, 'RU', 'Салат с апельсинами и сыром фета',
        'Оригинальный микс салата с сочными цитрусами и пикантным соленым сыром.'),
       (65, 'KK', 'Апельсин және фета ірімшігі салаты',
        'Шырынды цитрустар мен пикантты тұзды ірімшік қосылған ерекше салат миксі.'),
       (66, 'EN', 'Chicken roll with vegetables', 'Tender chicken breast rolled with a colorful vegetable filling.'),
       (66, 'RU', 'Куриный рулет с овощами',
        'Запеченный рулет из сочного куриного филе с начинкой из сезонных овощей.'),
       (66, 'KK', 'Көкөністермен тауық рулеті',
        'Маусымдық көкөністер толтырылған шырынды тауық филесінен жасалған пісірілген рулет.'),
       (67, 'EN', 'Barley porridge with dried fruit',
        'Slow-cooked pearl barley with sweet prunes and sun-dried apricots.'),
       (67, 'RU', 'Перловая каша с черносливом и курагой',
        'Наваристая перловая каша с добавлением полезных сухофруктов и капли масла.'),
       (67, 'KK', 'Қара өрік пен өрік қағы қосылған арпа ботқасы',
        'Пайдалы кептірілген жемістер мен бір тамшы май қосылған құнарлы арпа ботқасы.'),
       (68, 'EN', 'Chocolate muffin with nuts', 'Rich cocoa muffin with a soft center and crunchy nut pieces.'),
       (68, 'RU', 'Шоколадный кекс с орехами',
        'Насыщенный шоколадный десерт с хрустящими кусочками лесного или грецкого ореха.'),
       (68, 'KK', 'Жаңғақ қосылған шоколадты кекс',
        'Қытырлақ орман немесе грек жаңғағы кесектері бар қанық шоколадты десерт.'),
       (69, 'EN', 'Cherry compote', 'Traditional homemade drink made from simmered sweet cherries.'),
       (69, 'RU', 'Компот вишневый', 'Натуральный освежающий напиток из спелой вишни с умеренной сладостью.'),
       (69, 'KK', 'Шие компоты', 'Піскен шиеден жасалған, қалыпты тәттілігі бар табиғи сергітетін сусын.'),
       (70, 'EN', 'Meat pie', 'Savory pie with a flaky crust and a generous seasoned ground meat filling.'),
       (70, 'RU', 'Мясной пирог', 'Сытная выпечка с обильной начинкой из мясного фарша и специй.'),
       (70, 'KK', 'Ет бәліші', 'Ет фаршы мен дәмдеуіштерден жасалған мол салмасы бар тойымды бәліш.'),
       (71, 'EN', 'Chicken liver pate', 'Smooth and creamy homemade pate served with whole grain bread.'),
       (71, 'RU', 'Паштет из печени цыпленка',
        'Нежный домашний паштет из куриной печени со сливочным маслом и травами.'),
       (71, 'KK', 'Балапан бауырынан жасалған паштет',
        'Сары май мен шөптер қосылған тауық бауырынан жасалған нәзік үй паштеті.'),
       (72, 'EN', 'Sous-vide chicken with marinara',
        'Tender chicken cooked sous-vide style, served with tomato sauce and veggies.'),
       (72, 'RU', 'Курочка су-вид с маринарой',
        'Нежнейшее филе, приготовленное по технологии су-вид, с соусом маринара и рагу.'),
       (72, 'KK', 'Маринарамен су-вид тауық еті',
        'Су-вид технологиясымен дайындалған нәзік филе, маринара соусы және рагумен.'),
       (73, 'EN', 'Wheat porridge with apple', 'Warm wheat porridge cooked with fresh apples and sweet raisins.'),
       (73, 'RU', 'Пшеничная каша с яблоком и изюмом', 'Сытная пшеничная каша с кусочками яблок и сладким изюмом.'),
       (73, 'KK', 'Алма мен мейіз қосылған бидай ботқасы',
        'Алма кесектері мен тәтті мейіз қосылған тойымды бидай ботқасы.'),
       (74, 'EN', 'Coffee dessert', 'Light creamy mousse flavored with aromatic coffee and cocoa.'),
       (74, 'RU', 'Кофейный десерт', 'Воздушный мусс или пудинг с ярко выраженным ароматом натурального кофе.'),
       (74, 'KK', 'Кофе десерті', 'Табиғи кофенің айқын хош иісі бар үлпілдек мусс немесе пудинг.'),
       (75, 'EN', 'Duck in Peking sauce', 'Roast duck slices glazed with Peking sauce, served with rice and veggies.'),
       (75, 'RU', 'Уточка с соусом по-пекински',
        'Ломтики утиного филе в соусе по-пекински с рисом и овощным гарниром.'),
       (75, 'KK', 'Пекин стиліндегі соустағы үйрек еті',
        'Күріш және көкөніс гарнирімен пекин стиліндегі соустағы үйрек филесінің тілімдері.'),
       (76, 'EN', 'Egg drop soup', 'Clear broth with delicate egg ribbons and fresh spring onions.'),
       (76, 'RU', 'Суп яичные капли', 'Легкий бульон с тонкими нитями взбитого яйца и зеленью.'),
       (76, 'KK', 'Жұмыртқа тамшылары сорпасы',
        'Көпіртілген жұмыртқаның жіңішке жіптері мен көк шөптері бар жеңіл сорпа.'),
       (77, 'EN', 'Enoki mushroom salad', 'Delicate salad with Enoki mushrooms, vegetables, and Asian dressing.'),
       (77, 'RU', 'Салат из грибов эноки', 'Экзотический салат с тонкими грибами эноки и кунжутной заправкой.'),
       (77, 'KK', 'Эноки саңырауқұлақтары салаты',
        'Жіңішке эноки саңырауқұлақтары мен күнжіт тұздығы қосылған экзотикалық салат.'),
       (78, 'EN', 'Stuffed peppers', 'Bell peppers filled with a mix of ground meat and rice, simmered in sauce.'),
       (78, 'RU', 'Фаршированные перцы', 'Болгарские перцы, начиненные мясом и рисом, тушенные в томатном соусе.'),
       (78, 'KK', 'Толтырылған бұрыштар', 'Қызанақ соусында бұқтырылған, ет пен күріш салынған болгар бұрыштары.'),
       (79, 'EN', 'English breakfast', 'Classic hearty breakfast with eggs, sausage, beans, and grilled veggies.'),
       (79, 'RU', 'Английский завтрак', 'Традиционный завтрак с глазуньей, сосиской, фасолью и тостом.'),
       (79, 'KK', 'Ағылшын таңғы асы', 'Қуырылған жұмыртқа, шұжық, бұршақ және тост қосылған дәстүрлі таңғы ас.'),
       (80, 'EN', 'Banana pie', 'Sweet and moist pie filled with ripe bananas and a hint of vanilla.'),
       (80, 'RU', 'Банановый пирог', 'Ароматный и мягкий домашний пирог с добавлением спелых бананов.'),
       (80, 'KK', 'Банан бәліші', 'Піскен банан қосылған хош иісті әрі жұмсақ үй бәліші.'),
       (81, 'EN', 'Pea soup', 'Thick and smoky pea soup served with crispy croutons.'),
       (81, 'RU', 'Гороховый суп', 'Классический наваристый суп из колотого гороха с копченостями.'),
       (81, 'KK', 'Бұршақ сорпасы', 'Ысталған ет қосылған, жармаланған бұршақтан жасалған классикалық құнарлы сорпа.'),
       (82, 'EN', 'Baked chicken with potatoes',
        'Juicy chicken thigh baked with seasoned potato wedges, rustic style.'),
       (82, 'RU', 'Куриное бедро с картофелем', 'Запеченное филе бедра с картофельными дольками и чесноком.'),
       (82, 'KK', 'Картоп қосылған тауық сан еті',
        'Сарымсақ және картоп тілімдерімен пісірілген тауықтың жамбас филесі.'),
       (83, 'EN', 'Rainbow vitamin salad', 'Colorful vegetable salad packed with vitamins and a light dressing.'),
       (83, 'RU', 'Салат витаминный радужный', 'Яркий микс из свежих сезонных овощей с растительным маслом.'),
       (83, 'KK', 'Радужный дәруменді салаты',
        'Өсімдік майы қосылған жаңа піскен маусымдық көкөністерден жасалған ашық микс.'),
       (84, 'EN', 'Grilled turkey with eggplant caviar',
        'Lean grilled turkey slices served with smoky eggplant spread.'),
       (84, 'RU', 'Индейка на гриле с баклажанной икрой',
        'Диетическая индейка, приготовленная на гриле, с овощной закуской.'),
       (84, 'KK', 'Баклажан икрасымен грильдегі күркетауық еті',
        'Көкөніс тіскебасарымен бірге грильде дайындалған диеталық күркетауық еті.'),
       (85, 'EN', 'Pancakes with cottage cheese',
        'Homemade thin pancakes served with cottage cheese and a dollop of sour cream.'),
       (85, 'RU', 'Блины с творогом и сметаной', 'Классические блины с нежной творожной начинкой и порцией сметаны.'),
       (85, 'KK', 'Сүзбе мен қаймақ қосылған құймақ',
        'Нәзік сүзбе салмасы бар классикалық құймақтар және бір порция қаймақ.'),
       (86, 'EN', 'Marble cheesecake', 'Elegant cheesecake with a swirl of chocolate and vanilla cream cheese.'),
       (86, 'RU', 'Мраморный чизкейк', 'Творожно-сливочный десерт с контрастными шоколадными узорами.'),
       (86, 'KK', 'Мәрмәр чизкейк', 'Контрасты шоколад өрнектері бар сүзбе-кілегейлі десерт.'),
       (87, 'EN', 'Borscht', 'Traditional red beet soup served with beef and a side of sour cream.'),
       (87, 'RU', 'Борщ', 'Традиционный наваристый суп на основе свеклы с мясом и зеленью.'),
       (87, 'KK', 'Борщ', 'Ет пен көк шөп қосылған қызылша негізіндегі дәстүрлі құнарлы сорпа.'),
       (88, 'EN', 'Meatballs in Arrabbiata sauce',
        'Beef meatballs simmered in a spicy tomato sauce, served with buckwheat.'),
       (88, 'RU', 'Тефтели под соусом арабьята', 'Мясные шарики в остром томатном соусе с гарниром из гречки.'),
       (88, 'KK', 'Арабьята соусындағы тефтельдер', 'Ащы қызанақ соусындағы ет шарлары, қарақұмық гарнирімен.'),
       (89, 'EN', 'Rainbow salad', 'Fresh vegetable salad with a variety of colorful ingredients and light oil.'),
       (89, 'RU', 'Салат радуга', 'Яркая овощная закуска из свежих овощей с кунжутом или семечками.'),
       (89, 'KK', 'Радуга салаты',
        'Күнжіт немесе дәндер қосылған жаңа піскен көкөністерден жасалған ашық көкөніс тіскебасары.'),
       (90, 'EN', 'Chicken steak with vegetables',
        'Grilled chicken breast steak served with a medley of sautéed vegetables.'),
       (90, 'RU', 'Стейк из курочки с овощами', 'Сочное филе грудки, обжаренное на гриле, с тушеными овощами.'),
       (90, 'KK', 'Көкөністермен тауық стейгі',
        'Бұқтырылған көкөністермен бірге грильде қуырылған шырынды кеуде филесі.'),
       (91, 'EN', 'Millet porridge with pumpkin',
        'Healthy millet porridge cooked with sweet pumpkin and a touch of butter.'),
       (91, 'RU', 'Пшенная каша с тыквой', 'Полезная молочная каша с кусочками запеченной сладкой тыквы.'),
       (91, 'KK', 'Асқабақ қосылған тары ботқасы', 'Пісірілген тәтті асқабақ кесектері қосылған пайдалы сүт ботқасы.'),
       (92, 'EN', 'Muffin with poppy seeds', 'Soft and fluffy muffin packed with tiny blue poppy seeds.'),
       (92, 'RU', 'Кекс с маком', 'Нежный и ароматный домашний кекс с добавлением маковых зерен.'),
       (92, 'KK', 'Көкнәр қосылған кекс', 'Көкнәр дәндері қосылған нәзік әрі хош иісті үй кексі.'),
       (93, 'EN', 'Minestrone soup', 'Classic Italian vegetable soup with varied seasonal veggies and herbs.'),
       (93, 'RU', 'Суп Минестроне', 'Густой итальянский овощной суп с базиликом и оливковым маслом.'),
       (93, 'KK', 'Минестроне сорпасы', 'Базилик пен зәйтүн майы қосылған қою итальяндық көкөніс сорпасы.'),
       (94, 'EN', 'Fricassee with mashed potatoes',
        'Creamy chicken fricassee with mushrooms served over smooth mashed potatoes.'),
       (94, 'RU', 'Фрикасе с картофельным пюре', 'Кусочки птицы в нежном сливочном соусе с воздушным пюре.'),
       (94, 'KK', 'Картоп пюресімен фрикасе', 'Үлпілдек пюремен бірге нәзік кілегейлі соустағы құс етінің кесектері.'),
       (95, 'EN', 'Beetroot salad with feta', 'Roasted beets with salty feta cheese, arugula, and balsamic glaze.'),
       (95, 'RU', 'Салат из свеклы с брынзой', 'Печеная свекла с соленой брынзой, рукколой и бальзамическим соусом.'),
       (95, 'KK', 'Брынза қосылған қызылша салаты',
        'Тұзды брынза, руккола және бальзам соусы қосылған пісірілген қызылша.'),
       (96, 'EN', 'Sweet and sour chicken wings',
        'Grilled chicken wings glazed in a tangy sweet and sour sauce with veggies.'),
       (96, 'RU', 'Крылышки в кисло-сладком соусе', 'Обжаренные куриные крылья в пикантной глазури с овощами.'),
       (96, 'KK', 'Қышқыл-тәтті соустағы қанаттар',
        'Көкөністермен бірге пикантты глазурьдегі қуырылған тауық қанаттары.'),
       (97, 'EN', 'White fish and egg toast',
        'Crispy toast topped with a fried egg, white fish flakes, and fresh veggies.'),
       (97, 'RU', 'Яйцо на тосте с белой рыбой', 'Завтрак на тосте с рыбой, жареным яйцом и свежим огурцом.'),
       (97, 'KK', 'Ақ балықпен тосттағы жұмыртқа',
        'Балық, қуырылған жұмыртқа және жаңа піскен қияр қосылған тосттағы таңғы ас.'),
       (98, 'EN', 'Orange muffin', 'Sweet muffin flavored with natural orange juice and zest.'),
       (98, 'RU', 'Апельсиновый кекс', 'Ароматный кекс с добавлением цедры и сока свежего апельсина.'),
       (98, 'KK', 'Апельсин кексі', 'Жаңа піскен апельсин шырыны мен қабығы қосылған хош иісті кекс.'),
       (99, 'EN', 'Turkish style soup', 'Hearty and spicy soup based on Turkish recipes with lentils and meat.'),
       (99, 'RU', 'Суп по-турецки', 'Сытный чечевичный сорт с мясом, лимоном и восточными пряностями.'),
       (99, 'KK', 'Түрікше сорпа', 'Ет, лимон және шығыс дәмдеуіштері қосылған тойымды жасымдықтың түрі.'),
       (100, 'EN', 'Pasta with chicken mince', 'Italian pasta tossed with seasoned ground chicken and tomato sauce.'),
       (100, 'RU', 'Паста с куриным фаршем', 'Макароны твердых сортов с домашним соусом из курицы и томатов.'),
       (100, 'KK', 'Тауық фаршымен паста',
        'Тауық еті мен қызанақтан жасалған үй соусы қосылған қатты сортты макарондар.'),
       (101, 'EN', 'Chicken and gherkin salad',
        'Tender chicken breast slices mixed with crunchy gherkins and dressing.'),
       (101, 'RU', 'Салат из курицы с корнишонами',
        'Сытный салат с куриным филе, мелкими огурчиками и майонезным соусом.'),
       (101, 'KK', 'Корнишондармен тауық салаты',
        'Тауық филесі, ұсақ қиярлар және майонез соусы қосылған тойымды салат.'),
       (102, 'EN', 'Fish fillet with braised cabbage',
        'Baked sea fish fillet served with a side of savory braised cabbage.'),
       (102, 'RU', 'Филе морской рыбы с капустой', 'Диетическая рыба, запеченная с гарниром из тушеной капусты.'),
       (102, 'KK', 'Қырыққабатпен теңіз балығы филесі',
        'Бұқтырылған қырыққабат гарнирімен бірге пісірілген диеталық балық.');

-- dish_images (60 rows)
INSERT INTO public.dish_images (id, dish_id, file_id, "position", created_at)
VALUES (1, 1, 1, 0, '2026-04-14 17:56:29.403872'),
       (2, 1, 2, 1, '2026-04-14 17:56:29.403872'),
       (3, 1, 3, 2, '2026-04-14 17:56:29.403872'),
       (4, 1, 4, 3, '2026-04-14 17:56:29.403872'),
       (5, 1, 5, 4, '2026-04-14 17:56:29.415464'),
       (6, 2, 6, 0, '2026-04-14 17:57:05.719816'),
       (7, 2, 7, 1, '2026-04-14 17:57:05.719816'),
       (8, 2, 8, 2, '2026-04-14 17:57:05.719816'),
       (9, 2, 9, 3, '2026-04-14 17:57:05.740714'),
       (10, 2, 10, 4, '2026-04-14 17:57:05.740714'),
       (11, 3, 11, 0, '2026-04-14 17:57:48.303204'),
       (12, 3, 12, 1, '2026-04-14 17:57:48.303204'),
       (13, 3, 13, 2, '2026-04-14 17:57:48.312282'),
       (14, 3, 14, 3, '2026-04-14 17:57:48.314293'),
       (15, 3, 15, 4, '2026-04-14 17:57:48.314293'),
       (16, 4, 16, 0, '2026-04-14 17:58:28.186853'),
       (17, 4, 17, 1, '2026-04-14 17:58:28.189323'),
       (18, 4, 18, 2, '2026-04-14 17:58:28.191066'),
       (19, 4, 19, 3, '2026-04-14 17:58:28.192489'),
       (20, 4, 20, 4, '2026-04-14 17:58:28.194178'),
       (21, 5, 21, 0, '2026-04-14 17:59:05.930689'),
       (22, 5, 22, 1, '2026-04-14 17:59:05.932956'),
       (23, 5, 23, 2, '2026-04-14 17:59:05.935588'),
       (24, 5, 24, 3, '2026-04-14 17:59:05.938536'),
       (25, 5, 25, 4, '2026-04-14 17:59:05.940925'),
       (26, 6, 26, 0, '2026-04-14 18:01:36.26799'),
       (27, 6, 27, 1, '2026-04-14 18:01:36.270473'),
       (28, 6, 28, 2, '2026-04-14 18:01:36.271891'),
       (29, 6, 29, 3, '2026-04-14 18:01:36.273972'),
       (30, 6, 30, 4, '2026-04-14 18:01:36.275285'),
       (31, 7, 31, 0, '2026-04-15 09:21:20.204763'),
       (32, 8, 32, 0, '2026-04-15 09:21:40.436279'),
       (33, 9, 33, 0, '2026-04-15 09:21:54.788957'),
       (34, 10, 34, 0, '2026-04-15 09:22:06.193687'),
       (35, 11, 35, 0, '2026-04-15 09:22:26.866681'),
       (36, 12, 36, 0, '2026-04-15 09:22:36.69401'),
       (37, 13, 37, 0, '2026-04-15 09:23:01.834987'),
       (38, 14, 38, 0, '2026-04-15 09:23:13.754694'),
       (39, 15, 39, 0, '2026-04-15 09:23:23.708667'),
       (40, 16, 40, 0, '2026-04-15 09:23:33.904138'),
       (41, 17, 41, 0, '2026-04-15 09:23:44.434757'),
       (42, 18, 42, 0, '2026-04-15 09:23:55.65794'),
       (43, 19, 43, 0, '2026-04-15 09:24:25.357795'),
       (44, 20, 44, 0, '2026-04-15 09:24:37.993464'),
       (45, 21, 45, 0, '2026-04-15 09:24:48.183584'),
       (46, 22, 46, 0, '2026-04-15 09:25:02.043914'),
       (47, 23, 47, 0, '2026-04-15 09:25:11.944959'),
       (48, 24, 48, 0, '2026-04-15 09:25:22.311844'),
       (49, 25, 49, 0, '2026-04-15 16:53:40.47337'),
       (50, 26, 50, 0, '2026-04-15 16:53:48.370072'),
       (51, 27, 51, 0, '2026-04-15 16:54:02.859498'),
       (52, 28, 52, 0, '2026-04-15 16:54:12.082611'),
       (53, 29, 53, 0, '2026-04-15 16:54:23.352737'),
       (54, 30, 54, 0, '2026-04-15 16:54:30.524322'),
       (55, 31, 55, 0, '2026-04-15 16:54:41.062722'),
       (56, 32, 56, 0, '2026-04-15 16:54:52.548105'),
       (57, 33, 57, 0, '2026-04-15 16:55:02.571483'),
       (58, 34, 58, 0, '2026-04-15 16:55:11.184291'),
       (59, 35, 59, 0, '2026-04-15 16:55:21.695351'),
       (60, 36, 60, 0, '2026-04-15 16:55:27.738832');

-- meal_plan_days (17 rows)
INSERT INTO public.meal_plan_days (id, serial, current)
VALUES (2, 2, false),
       (3, 3, false),
       (4, 4, false),
       (5, 5, false),
       (6, 6, false),
       (7, 7, false),
       (8, 8, false),
       (9, 9, false),
       (10, 10, false),
       (11, 11, false),
       (12, 12, false),
       (13, 13, false),
       (14, 14, false),
       (15, 15, false),
       (16, 16, false),
       (17, 17, false),
       (1, 1, true);

-- meal_plan_day_dishes (102 rows)
INSERT INTO public.meal_plan_day_dishes (meal_plan_day_id, dish_id, meal)
VALUES (1, 1, 'BREAKFAST'),
       (1, 2, 'BRUNCH'),
       (1, 3, 'LAUNCH'),
       (1, 4, 'LAUNCH'),
       (1, 5, 'AFTERNOON_SNACK'),
       (1, 6, 'DINNER'),
       (2, 7, 'BREAKFAST'),
       (2, 8, 'BRUNCH'),
       (2, 9, 'LAUNCH'),
       (2, 10, 'LAUNCH'),
       (2, 11, 'AFTERNOON_SNACK'),
       (2, 12, 'DINNER'),
       (3, 13, 'BREAKFAST'),
       (3, 14, 'BRUNCH'),
       (3, 15, 'LAUNCH'),
       (3, 16, 'LAUNCH'),
       (3, 17, 'AFTERNOON_SNACK'),
       (3, 18, 'DINNER'),
       (4, 19, 'BREAKFAST'),
       (4, 20, 'BRUNCH'),
       (4, 21, 'LAUNCH'),
       (4, 22, 'LAUNCH'),
       (4, 23, 'AFTERNOON_SNACK'),
       (4, 24, 'DINNER'),
       (5, 25, 'BREAKFAST'),
       (5, 26, 'BRUNCH'),
       (5, 27, 'LAUNCH'),
       (5, 28, 'LAUNCH'),
       (5, 29, 'AFTERNOON_SNACK'),
       (5, 30, 'DINNER'),
       (6, 31, 'BREAKFAST'),
       (6, 32, 'BRUNCH'),
       (6, 33, 'LAUNCH'),
       (6, 34, 'LAUNCH'),
       (6, 35, 'AFTERNOON_SNACK'),
       (6, 36, 'DINNER'),
       (7, 37, 'BREAKFAST'),
       (7, 38, 'BRUNCH'),
       (7, 39, 'LAUNCH'),
       (7, 40, 'LAUNCH'),
       (7, 41, 'AFTERNOON_SNACK'),
       (7, 42, 'DINNER'),
       (8, 43, 'BREAKFAST'),
       (8, 44, 'BRUNCH'),
       (8, 45, 'LAUNCH'),
       (8, 46, 'LAUNCH'),
       (8, 47, 'AFTERNOON_SNACK'),
       (8, 48, 'DINNER'),
       (9, 49, 'BREAKFAST'),
       (9, 50, 'BRUNCH'),
       (9, 51, 'LAUNCH'),
       (9, 52, 'LAUNCH'),
       (9, 53, 'AFTERNOON_SNACK'),
       (9, 54, 'DINNER'),
       (10, 55, 'BREAKFAST'),
       (10, 56, 'BRUNCH'),
       (10, 57, 'LAUNCH'),
       (10, 58, 'LAUNCH'),
       (10, 59, 'AFTERNOON_SNACK'),
       (10, 60, 'DINNER'),
       (11, 61, 'BREAKFAST'),
       (11, 62, 'BRUNCH'),
       (11, 63, 'LAUNCH'),
       (11, 64, 'LAUNCH'),
       (11, 65, 'AFTERNOON_SNACK'),
       (11, 66, 'DINNER'),
       (12, 67, 'BREAKFAST'),
       (12, 68, 'BRUNCH'),
       (12, 69, 'LAUNCH'),
       (12, 70, 'LAUNCH'),
       (12, 71, 'AFTERNOON_SNACK'),
       (12, 72, 'DINNER'),
       (13, 73, 'BREAKFAST'),
       (13, 74, 'BRUNCH'),
       (13, 75, 'LAUNCH'),
       (13, 76, 'LAUNCH'),
       (13, 77, 'AFTERNOON_SNACK'),
       (13, 78, 'DINNER'),
       (14, 79, 'BREAKFAST'),
       (14, 80, 'BRUNCH'),
       (14, 81, 'LAUNCH'),
       (14, 82, 'LAUNCH'),
       (14, 83, 'AFTERNOON_SNACK'),
       (14, 84, 'DINNER'),
       (15, 85, 'BREAKFAST'),
       (15, 86, 'BRUNCH'),
       (15, 87, 'LAUNCH'),
       (15, 88, 'LAUNCH'),
       (15, 89, 'AFTERNOON_SNACK'),
       (15, 90, 'DINNER'),
       (16, 91, 'BREAKFAST'),
       (16, 92, 'BRUNCH'),
       (16, 93, 'LAUNCH'),
       (16, 94, 'LAUNCH'),
       (16, 95, 'AFTERNOON_SNACK'),
       (16, 96, 'DINNER'),
       (17, 97, 'BREAKFAST'),
       (17, 98, 'BRUNCH'),
       (17, 99, 'LAUNCH'),
       (17, 100, 'LAUNCH'),
       (17, 101, 'AFTERNOON_SNACK'),
       (17, 102, 'DINNER');

-- Sequences
SELECT setval('plans_id_seq', (SELECT MAX(id) FROM plans));
SELECT setval('files_id_seq', (SELECT MAX(id) FROM files));
SELECT setval('dishes_id_seq', (SELECT MAX(id) FROM dishes));
SELECT setval('dish_images_id_seq', (SELECT MAX(id) FROM dish_images));
SELECT setval('meal_plan_days_id_seq', (SELECT MAX(id) FROM meal_plan_days));
